总是要等到考试以后才想起要读书的懒虫,5,远远超过了期望,"
  本来只是随便读读，1954到1966写的东西，不是满篇口号就烧高香了。读下来远远超过了期望。对那时的教育方式不知可以，但是书里关于文化艺术音乐的讨论相当精致，是顶级的。那个时代修养这么高的人大概都不敢说话了。更难得的是家书，所以都是肺腑之言。 kindle版有些小错，但不影响阅读。下面列一些书里的妙语。Loc 960: 关于萧邦，他的见解尤其妙，说萧邦是一个特殊的作曲家，和任何作曲家不同；弹萧邦必须每次不同；每次演奏必须让灵感告诉你如何演奏。萧邦的作品是以一颗深邃的心即兴写就的。Loc 987: 唯心唯物不过是一物之两面，何必这样死拘！Loc. 990: 为学最重要的是“通”，通才能不拘泥，不迂腐，不酸，不八股；“通”才能培养气节、胸襟、目光；“通”才能成为“大”，不大不博，便有坐井观天的危险。我始终认为弄学问也好，弄艺术也好，顶要紧是 huma，要把一个“人”尽量发展，没成为某某家某某家以前，先要学做人；否则那种某某家无论如何高明也不会对人类有多大贡献。Loc 1034: 世界上最高的最纯洁的欢乐，莫过于欣赏艺术，更莫过于欣赏自己的孩子的手和心传达出来的艺术！Loc  1042: 成就的大小、高低，是不在我们掌握之内的，一半靠人力，一半靠天赋，但只要坚强，就不怕失败，不怕挫折，不怕打击——不管是人事上的，生活上的，技术上的，学习上的——打击；从此以后你可以孤军奋斗了。何况事实上有多少良师益友在周围帮助你，扶掖你。还加上古今的名著，时时刻刻给你精神上的养料！孩子，从今以后，你永远不会孤独的了，即使孤独也不怕的了！Loc. 1045: 赤子之心这句话，我也一直记住的。赤子便是不知道孤独的。赤子孤独了，会创造一个世界，创造许多心灵的朋友！永远保持赤子之心，到老也不会落伍，永远能够与普天下的赤子之心相接相契相抱！你那位朋友说得不错，艺术表现的动人，一定是从心灵的纯洁来的！不是纯洁到像明镜一般，怎能体会到前人的心灵？怎能打动听众的心灵？Loc 1057: 你说常在矛盾与快乐之中，但我相信艺术家没有矛盾不会进步，不会演变，不会深入。有矛盾正是生机蓬勃的明证。眼前你感到的还不过是技巧与理想的矛盾，将来你还有反复不已更大的矛盾呢：形式与内容的枘凿，自己内心的许许多多不可预料的矛盾，都在前途等着你。别担心，解决一个矛盾，便是前进一步！矛盾是解决不完的，所以艺术没有止境，没有 perfect［完美，十全十美］的一天，人生也没有 perfect的一天！惟其如此，才需要我们日以继夜，终生的追求、苦练；要不然大家做了羲皇上人，垂手而天下治，做人也太腻了！Loc  1156: 唯有肉体静止，精神的活动才最圆满：这是千古不变的定律。Loc 1205: 莫扎特的那种温柔妩媚，所以与浪漫派的温柔妩媚不同，就是在于他像天使一样的纯洁，毫无世俗的感伤或是靡靡的 sweetness［甜腻］。神明的温柔，当然与凡人的不同，就是达·芬奇与拉斐尔的圣母，那种妩媚的笑容决非尘世间所有的。Loc 1210: 同时一个人的思想是一边写一边谈出来的，借此可以刺激头脑的敏捷性，也可以训练写作的能力与速度。Loc  1466: 人的心理是：难得收到的礼，是看重的，常常得到的不但不看重，反而认为是应享的权利，临了非但不感激，倒容易生怨望。所以我特别要嘱咐你“有分寸”！Loc. 1557: 所以才气越高，越要提防，用 solid［扎扎实实］的学识来充实，用冷静与客观的批评精神，持续不断的检查自己。唯有真正能做到这一步，而且终身的做下去，才能成为一个真正的艺术家。Loc 1562: 要有耐性，不要操之过急。越是心平气和，越有成绩。时时刻刻要承认自己是笨伯，不怕做笨功夫，那就不会期待太切，稍不进步就慌乱了。Loc 1591: 感情人人都有，问题是怎么组织它，把它变做成形的东西。不是任何感情都能感动人，一定要通过适当的方式，才能感动人。Loc 1593: 巴赫和贝多芬后期作品都有极深的哲学气息，神秘和玄学的气息。那是真正伟大心灵最深处的音乐，的确不是容易懂得的。Loc 1621: 唯有把过去的思想包袱，一齐扔掉了，才能得到真正的精神上的和平恬静，才能真正心胸开朗的继续前进！孩子，勇敢些！别怕！别踌躇！而最要紧的是把日常生活安排得井井有条！日常生活一乱，精神决不可能平静。Loc 1693: 一个人妨碍别人，不一定是因为本性坏，往往是因为头脑不清，不知利害轻重。Loc 1782: 萧邦的音的长短顿挫跟别的作家不同，那样的特殊，就是波兰人最爱说的那种萧邦式的音的长短顿挫。一定要从心里流出来，不能有一点做作。过分了就变成李斯特，太沉着又变成勃拉姆斯，太温柔又变成舒曼，太轻灵又变成德彪西。Loc 1785: 萧邦是非常真情的，他的音乐最富于情感，却又那样的精妙；他是个真正的诗人。有时他非常充满激情，但从来不沉闷。他色彩变化极多，但从来没有像德彪西那样纯客观的音色变化。他的每个音符都代表他心里流出来的情感。Loc 1788: 萧邦是非常真情的，他的音乐最富于情感，却又那样的精妙；他是个真正的诗人。有时他非常充满激情，但从来不沉闷。他色彩变化极多，但从来没有像德彪西那样纯客观的音色变化。他的每个音符都代表他心里流出来的情感。Loc. 1815: 同时也切勿操之过急，假如经常能有少许进步，就不要灰心，不管进步得多么少。而主要还在于内心的修养，性情的修养：我始终认为手的紧张和整个身心有关系，不能机械的把“手”孤立起来。练琴的时间必须正常化，不能少，也不能多；多了整个的人疲倦之极，只会有坏结果。要练琴时间正常，必须日常生活科学化，计划化，纪律化！Loc 1856: 今天寄你的文字中，提到萧邦的音乐有“非人世的”气息，想必你早体会到；所以太沉着不行，太轻灵而客观也不行。我觉得这一点近于李白，李白尽管飘飘欲仙，却不是德彪西那一派纯粹造型与讲气氛的。Loc. 1890: 恩德的毛病和他们不同：她思想快，感受强，胸襟宽大，只是没有决心实行。知道的多，做到的微乎其微。真的，看看周围的青年，很少真有希望的。我说“希望”，不是指“专业”方面的造就，而是指人格的发展。所以我越来越觉得青年全面发展的重要。Loc 1893: 关于莫扎特的话，例如说他天真、可爱、清新等等，似乎很多人懂得；但弹起来还是没有那天真、可爱、清新的味儿。这道理，我觉得是“理性认识”与“感情深入”的分别。感性认识固然是初步印象，是大概的认识；理性认识是深入一步，了解到本质。但是艺术的领会，还不能以此为限。必须再深入进去，把理性所认识的，用心灵去体会，才能使原作者的悲欢喜怒化为你自己的悲欢喜怒，使原作者每一根神经的震颤都在你的神经上引起Loc 1897: 一般艺术家的偏于 intellectual［理智］，偏于 cold［冷静］，就因为他们停留在理性认识的阶段上。Loc. 1903: 由此得到一个结论：艺术不但不能限于感性认识，还不能限于理性认识，必需要进行第三步的感情深入。换言之，艺术家最需要的，除了理智以外，还有一个“爱”字！所谓赤子之心，不但指纯洁无邪，指清新，而且还指爱！法文里有句话叫做“伟大的心”，意思就是“爱”。这“伟大的心”几个字，真有意义。Loc 1905: 而且这个爱绝不是庸俗的，婆婆妈妈的感情，而是热烈的、真诚的、洁白的、高尚的、如火如荼的、忘我的爱。Loc  1906: 从这个理论出发，许多人弹不好东西的原因都可以明白了。光有理性而没有感情，固然不能表达音乐；有了一般的感情而不是那种火热的同时又是高尚、精练的感情，还是要流于庸俗；所谓 sentimental［滥情，伤感］，我觉得就是指的这种庸俗的感情。Loc 1910: 一切伟大的艺术家（不论是作曲家，是文学家，是画家……）必然兼有独特的个性与普遍的人间性。我们只要能发掘自己心中的人间性，就找到了与艺术家沟通的桥梁。再若能细心揣摩，把他独特的个性也体味出来，那就能把一件艺术品整个儿了解了。当然不可能和原作者的理解与感受完全一样，了解的多少、深浅、广狭，还是大有出入；而我们自己的个性也在中间发生不小的作用。Loc 1913: 大多数从事艺术的人，缺少真诚。因为不够真诚，一切都在嘴里随便说说，当做唬人的幌子，装自己的门面，实际只是拾人牙慧，并非真有所感。所以他们对作家决不能深入体会，先是对自己就没有深入分析过。这个意思，克利斯朵夫（在第二册内）也好像说过的。Loc 1921: 好像世界上公认有个现象：一个音乐家（指演奏家）大多只能限于演奏某几个作曲家的作品。其实这种人只能称为演奏家而不是艺术家。因为他们的胸襟不够宽广，容受不了广大的艺术天地，接受不了变化无穷的形与色。假如一个人永远能开垦自己心中的园地，了解任何艺术品都不应该有问题的。Loc 1931: 三个乐章是一个整体，像一条静静的流水，流得那么自然舒畅；第二乐章的境界特别恬静、和平；莫扎特已感到他不久于人世，但他已超临在生死之上，所唱的乃是未来的理想世界的颂歌。他是爱人生的，他是最温柔的，最能体贴人心的。而讲到幽默、活力，我怀疑没有莫扎特，是否会有普罗科菲耶夫！Loc 1967: 孔子说的“富贵于我如浮云”，现代的“名”也属于精神上“富贵”之列。Loc. 2405: 对终身伴侣的要求，正如对人生一切的要求一样不能太苛。事情总有正反两面：追得你太迫切了，你觉得负担重；追得不紧了，又觉得不够热烈。温柔的人有时会显得懦弱，刚强了又近乎专制。幻想多了未免不切实际，能干的管家太太又觉得俗气。只有长处没有短处的人在哪儿呢？世界上究竟有没有十全十美的人或事物呢？Loc 2409: 我觉得最主要的还是本质的善良，天性的温厚，开阔的胸襟。有了这三样，其他都可以逐渐培养；而且有了这三样，将来即使遇到大大小小的风波也不致变成悲剧。做艺术家的妻子比做任何人的妻子都难；你要不预先明白这一点，即使你知道“责人太严，责己太宽”，也不容易学会明哲、体贴、容忍。Loc 2420: 未经世事的少女往往会存一个荒诞的梦想，以为恋爱时期的感情的高潮也能在婚后维持下去。这是违反自然规律的妄想。古语说，“君子之交淡如水”；又有一句话说，“夫妇相敬如宾”。可见只有平静、含蓄、温和的感情方能持久；另外一句的意义是说，夫妇到后来完全是一种知己朋友的关系，也即是我们所谓的终身伴侣。未婚之前双方能深切领会到这一点，就为将来打定了最可靠的基础，免除了多少不必要的误会与痛苦。Loc 2424: 世界上最有力的论证莫如实际行动，最有效的教育莫如以身作则；自己做不到的事千万勿要求别人；自己也要犯的毛病先批评自己，先改自己的Loc 2547: 我老是觉得，你离开琴，沉浸在大自然中，多沉思默想，反而对你的音乐理解与感受好处更多。人需要不时跳出自我的牢笼，才能有新的感觉、新的看法，也能有更正确的自我批评。Loc 2787: 我们心目中的生死感慨，从无仰慕天堂的极其烦躁的期待与追求，也从无对永堕地狱的恐怖忧虑；所以我们的哀伤只是出于生物的本能，而不是由发热的头脑造出许多极乐与极可怖的幻象来一方面诱惑自己一方面威吓自己。Loc 2823: 有矛盾才会逼你解决矛盾，解决一次矛盾即往前迈进一步。到晚年矛盾减少，即是生命将要告终的表现。没有矛盾的一片恬静只是一个崇高的理想，真正实现的话并不是一个好现象。Loc 3174: 但那种高远、恬淡、素雅的意味仍然不同于西方文化史上的任何一个时期。人真是奇怪的动物，文明的时候会那么文明，谈玄说理会那么隽永，野蛮的时候又同野兽毫无分别，甚至更残酷。奇怪的是这两个极端就表现在同一批人同一时代的人身上。两晋六朝多少野心家，想夺天下、称孤道寡的人，坐下来清谈竟是深通老庄与佛教哲学的哲人！Loc 3200: 老好人往往太迁就，迁就世俗，迁就褊狭的家庭愿望，迁就自己内心中不大高明的因素；而真理和艺术需要高度的原则性和永不妥协的良心。物质的幸运也常常毁坏艺术家。可见艺术永远离不开道德——广义的道德，包括正直、刚强、斗争（和自己的斗争以及和社会的斗争）、毅力、意志、信仰……Loc 3205: 你提到英国人的抑制（ inhibition），其实正表示他们犷野强悍的程度，不能不深自敛抑，一旦决堤而出，就是莎士比亚笔下的那些人物，如麦克白斯、奥赛罗等等，岂不 wild［狂放］到极点？Loc 3387: 近几年来常常想到人在大千世界、星云世界中多么微不足道，因此更感到人自命为万物之灵实在狂妄可笑。但一切外界的事物仍不断对我发生强烈的作用，引起强烈的反应和波动，忧时忧国不能自已；另一时期又觉得转眼之间即可撒手而去，一切于我何有哉！这一类矛盾的心情几乎经常控制了我：主观上并无出世之意，事实上常常浮起虚无幻灭之感。个人对一切感觉都敏锐、强烈，而常常又自笑愚妄。Loc 3397: 会学的人举一反三，稍经点拨，即能跃进。不会学的不用说闻一以知十，连闻一以知一都不容易办到，甚至还要缠夹，误入歧途，临了反抱怨老师指引错了。所谓会学，条件很多，除了悟性高以外，还要足够的人生经验。Loc 3440: 以他的身世而论，很可能于不知不觉中走上神秘主义的路。生活在另外一个世界中，那世界只有他一个人能进去，其中的感觉、刺激、形象、色彩、音响都另有一套，非我们所能梦见。神秘主义者往往只有纯洁、朴素、真诚，但缺少一般的温馨妩媚。便是文艺复兴初期的意大利与佛兰德斯宗教画上的 grace也带一种圣洁的他世界的情调，与十九世纪初期维也纳派的风流蕴藉，熨帖细腻，同时也带一些淡淡的感伤的柔情毫无共通之处。Loc 3800: 许多问题只有在实践中才能真正认识，光是理性上的认识是浮表的，靠不住的，经不住风狂雨骤的考验的。Loc 3893: 手之舞之，足之蹈之，只适用于通俗音乐。古典音乐全靠内在的心灵的表现，Loc 3919: 巴尔扎克说过：“现在的政府，缺点是过分要人去适应社会，而不想叫社会去适应人。”这句话值得一切抱救世渡人的理想的人深思！Loc 3980: 人类有史以来，理想主义者永远属于少数，也永远不会真正快乐，艺术家固然可怜，但是没有他们的努力与痛苦，人类也许会变得更渺小更可悲。Loc 4038: 任何耽溺都有流弊，为了耽溺艺术而牺牲人生也不是明智的！Loc 4141: 人在某一段时间内滞留不进，就表示活力已经耗尽，而假如人自溺于此，那么他的艺术生命也就日暮途穷了。Loc 4386: 任何艺术品都有一部分含蓄的东西，在文学上叫做言有尽而意无穷，西方人所谓 between lines［弦外之音］。作者不可能把心中的感受写尽，他给人的启示往往有些还出乎他自己的意想之外。
"
罗倩,4,"内容不错,书有问题","
  傅雷家书是老师要求的必读书名,内容自然是充满了教育意义的。傅雷先生与其妻对其子傅聪的封封家信都或多或少的有许多做人的道理。内容因为是直接选自书信,故也并不似一些强行灌鸡汤的所谓励志文那般,却似一对长辈在对自己耐心的教授人生课程。  说完内容,再来讲讲这个书的问题,也就是我为什么打四星的理由,文中时常出现一些方块,把本身的字和谐掉了,还需要读者来猜测,竟像是盗版文的感觉了。另外许是我运气所致吧,买完后就降价了。恩,总的来说还是不错的吧(kindle打字实在是太麻烦了,就不赘述了。)
"
Ivan,4,两代人的沟通是珍贵的,"
  父母对子女的嘱咐永远是全方位、细致、心存完美的。子女却永远不一定能理解、体会、接受。世世代代永远如此……如此单纯、善良、博学的大师却以如此悲惨的方式离开如此优秀的孩子，不能不说当时的环境太恶劣！
"
Amazon Customer,5,日常生活,"
  日常生活沟通中透露出和孩子的沟通技巧吧，不是为人父母的话估计有点不能坚持读完
"
July,5,一本好书,"
  希望将本书推荐给青少年朋友，真的值得一看，文字浅显易懂，对于我们常议论、困惑的问题，用一种很平淡的口吻娓娓道来，没有让人感觉到说教式的大道理，而是一种亲切的交谈。。。本来是打算一周看完的的，没想到越看越有意思，2天就看完了本书。值得大家反复品读。。。1 个人发现此评论有用提交
"
Kindle 客户,5,版本好,"
  版本好，虽然有个别字不能正确显示，好在不影响阅读。末尾傅敏2016年写的后记更为这本书画了圆满的记号。谈到教育，谈到父母对子女的感情，很少有这样真挚感人的抒发。
"
Nina,5,好书,"
  确实是一部值得研读的好书，从书里可以看到傅雷对儿子的悉心教导，非常受教。伟大的父亲值得大家尊敬。
"
Amazon Customer,5,看到最后泪目了,"
  久久不能平静，傅雷夫妇兢兢业业一生，晚景凄凉，人总是渺小的，也是伟大的，愿每个人都能岁月静好，恬淡幸福的生活
"
亚马逊买家,5,推荐给喜爱音乐的朋友,"
  看完才觉得受教育，推荐给喜欢音乐，特别是古典音乐的朋友。
"
Kindle 客户,4,父母孩子甚至文艺爱好者都值得阅读,"
  前期书信略显教条，后期虽身陷囹圄书信中情绪却也毫无改变，令人佩服
"
Kindle 客户,5,确有阙字,"
  但基本不影响阅读，书还是好书，看到最后也不得不掩卷沉思。
"
w靖霖,4,不错,"
  不同时代和环境下，父母之爱。
"
史学会会长,2,书的质量不好,"
  老掉页,印刷不清,60页之后就有重影了。反正不喜欢
"
洋捷3077,5,很好，不错的书,"
  谢谢，非常好看，非常精彩，下次再来
"
钟瑶,3,影印太差,"
  书是好书，可惜这本书没有影印得太差，很多页都有重影。
"
亚马逊买家,5,欢愉,"
  不愧是全新修订版，只是没时间一囗气看到尽兴
"
21世纪资本论,3,傅雷的教育观,"
  与当下的教育方法比较还适用吗
"
金永清,5,物美价廉,"
  装帧精致，版面漂亮，内容上乘，物美价廉
"
四不像长颈鹿,5,作业+1,"
  老师给的假期作业，做完练习题看看刚刚好
"
borry,5,娓娓道来,"
  很安静地读着家书，借鉴
"
亚马逊买家,5,傅雷家书(全新修订版),"
  老师推荐的书，小孩喜欢看。
"
亚马逊买家,5,很好的一本书,"
  艺术心得暂且不说,为人处事之力理值得细品
"
小米团,5,不错,"
  老师推荐阅读的，书是正版，印刷质量也可以。
"
亚马逊买家,5,深沉父爱,"
  艺术家的人生感悟与父子情谊，感动至于，更要改变自己。
"
一面墙,5,非常好的书,"
  傅雷一生嫉恶如仇，其翻译作品也是多以揭露社会弊病、描述人物奋斗抗争为主，比如《欧也妮·葛朗台》、《高老头》、《约翰·克里斯朵夫》等。傅雷对其子家教极严，而又父爱至深，其家书后由傅敏整理成《傅雷家书》，至今影响深远、广为流传。傅雷有两子傅聪、傅敏，傅聪为世界范围内享有盛誉的钢琴家，傅敏为英语教师。1958年，在上海“反右补课”中，傅被上海市作协划为戴帽“右派分子”。上海市中共领导柯庆施执意要划傅雷为右派，时任上海市委宣传部副部长兼上海作协党组书记周而复则认为傅雷属于“可划可不划”的范围，恰逢周扬赴上海听取意见，柯庆施同意了周而复、周扬的意见，事后上海市中共委员会派柯灵通知傅雷该消息。但正当傅雷做了检讨，准备放下包袱时，阴谋家柯庆施却变卦拍板把傅雷定为“右派”[1]。1958年12月，留学波兰的傅雷长子傅聪驾机出逃英国。此后，傅雷闭门不出。1961年9月，傅雷“摘掉帽子”。1966年8月底，文革初期，傅雷遭到红卫兵抄家，受到连续四天三夜批斗，罚跪、戴高帽等各种形式的凌辱，被搜出所谓“反党罪证”（一面小镜子和一张褪色的蒋介石旧画报）。9月3日上午，女佣周菊娣发现傅雷夫妇已在江苏路284弄5号住所“疾风迅雨楼”双双自杀身亡，傅雷系吞服巨量毒药，在躺椅上自杀，享年58岁[2]，夫人朱梅馥系在窗框上自缢而亡[3]。傅聪收到父亲的最后赠言是：“第一做人，第二做艺术家，第三做音乐家，最后才是钢琴家。”其死后骨灰原被安葬于永安公墓，后归并到万国公墓，之后由于文化大革命时期红卫兵的破坏后遗失。幸有一工人原为傅雷作品的爱好者，故私藏其骨灰盒，幸免遭毁[4]。 2013年10月27日傅雷及夫人朱梅馥骨灰由龙华烈士陵园迁葬于上海浦东福寿园海港陵园的如茵园内。墓碑上题有傅雷名言：“赤子孤独了，会创造一个世界。”
"
Kindle 客户,5,先做人，后做事,"
  父爱如山，家风可鉴，大爱无疆……
"
Kindle 客户,5,感人,"
  一个父亲对儿子无尽的爱与期许
"
亚马逊买家,5,希望呀多读书,"
  给娃买的书，质量一般
"
寒梅,4,家书,"
  书收到了，还没有拆封。不过看着纸质一般，没有那么光滑
"
lxx020807,5,16开，质量好，我们将好好学习。,"
  16开，质量好，我们将好好学习。
"
亚马逊买家,5,中国式教育的模范读本,"
  这本书记录了傅雷夫妇为儿子寄出的家书，字字情真意切，饱含父母深情。
"
文子,4,内容很好，重点培养小孩对情感的感受。,"
  孩子念初三，要我帮他买，买回去不到三天就看完了。
"
tuxing,5,长见识,"
  不错，于人生确有借鉴之处。
"
亚马逊客户,5,Kindle版的，居然没有封面....,"
  Kindle版的，居然没有封面....
"
Amazon Customer,4,读此书，犹如父辈在身侧谆谆教导，看到了自己在生活，为人、处事上的不足，学到了一些处理这些事情的方法。感受最多的还是父母无私的爱！,"
  很好！值得推荐给你！
"
jiahaiying4032949,5,学校要求的,"
  学校要求，很好
"
亚马逊买家,5,很好,"
  很好 印刷精美，孩子很喜欢
"
whatever,3,还好,"
  买《傅雷家书》的愿望是因为微信公众号的一篇推送燃起的，现在书本已读完4//3。该版本实际上只是挑选了一部分家书进行了编排，而收录入书的很多长信中的部分内容都是用省略号代替，虽然被删减掉的可能是一些生活的琐碎，但是读起来还是有些不过瘾。不知道三联书店的香港版在这两方面是否优于此书。另外，个人感觉此书标榜的序言和珍贵照片为独有只是噱头，通过其他途径可以得到。质量方面，书本用的是轻质纸，不刺眼。快递及时，包装良好。
"
亚马逊买家,1,质疑是否是正版,"
  一直在亚马逊买书，实惠，快捷。这次一共买了9本书，有几本送人的，没有打开，《傅雷家书》是自己看的，打开一看，每页的印刷都是歪的。下面这页的图片尤其突出。于是用尺子量了一下，简直歪得离谱。难道是故意这么设计的？
"
Kindle 客户,5,五星作,"
  无时无刻的父爱，我们做父母的很庆幸能看到这样的一本书。伴随着对信件的阅读，我能浮现出信件中傅聪的生活概况。傅聪父亲对生活对工作对人生的细节追求值得我们学习，让我们知道人生态度的重要性，感谢编者和傅聪先生。
"
瀛瀛,5,好书推荐,"
  刚到手 我就迫不及待第看了起来能感受到傅雷夫妻对儿子深沉的爱  三观正 所以他们的孩子才会正直善良优秀无奈那个时代 毁了太多人
"
亚马逊买家,4,好评,"
  亚马逊的书不用多说，点一百个赞。书中讲述了傅雷对儿子傅聪的谆谆教导，傅雷不愧是著名翻译家，写的家书都那么文采飞扬，不过好像说教太多了，作为一个青春期的孩子有点看不下去😝
"
亚马逊买家,5,适合20多岁的苦闷年轻人读,"
  不能早了不能晚了十分适合20多岁的年轻人。先做人（不是狭隘的做人），然后是艺术家，再是音乐家，最后才是钢琴家。
"
Kindle 客户,4,怀有赤子之心的人,"
  1推荐给孤独的人2给为人父母的人3给爱思考的人4给爱艺术的人
"
亚马逊买家,5,关于赤子之心,"
  看这本书是断断续续抽着时间看的，每封书信断开看不影响阅读，因为是家书更加阵势，有几个地方让人眼泪都止不住，父母之爱是真真切切的啊
"
亚马逊买家,5,傅雷家书,"
  哄着孩子给看完的，收获是喜欢上了消邦的音乐，呵呵。
"
枫叶之歌,5,实惠,"
  物流很快，书的质量不错，关键实惠
"
亚马逊买家,5,慕名很久啦,"
  和我妈妈说的话，有不少相似的哟~~~睡前读物，不错不错
"
亚马逊买家,3,傅雷家书,"
  包裹破了😭所以书也脏了点～
"
亚马逊买家,5,书好发货快,"
  书好，发货快，书刚开始读，正在学着如何做个好爸爸
"
亚马逊买家,3,经典著作,"
  非常经典的书，百读不厌！
"
亚马逊买家,5,不错,"
  版本不错  ，里面的内容需要细读
"
沐筝,4,美中不足,"
  当代的文艺作品多少带有残缺，书中论述zhengzhi的部分已被删除，对窥探时代的境况比较遗憾，但书中的哲理论述以及父亲的性格倾向清晰可见，读来朗朗上口，也对人物的悲剧命运蔚为叹惋，这样性格的人，对时代是有益的，但对于个人来说，生活确实难受。时代固然可悲，但傅雷一家在当时来说也是大康之家了，五六十年代，饿死的人无数，用得起科技产品也是少见的，当然，也正是有了这些物质条件，才有了这本书。
"
Kindle 客户,5,最真实的父母之爱,"
  朴实又情真意切，生动展现了一对深爱孩子却不能陪伴在孩子身边的父母对孩子的不断纠正鼓励和爱护。深受感动
"
倾涯,3,傅雷家书,"
  《傅雷家书》，这本书我读的比较略，因为一开始我带着一点偏见在读，我感觉父母偏心的厉害，写信挂念傅聪的一切细节，写长篇的艺术评论，爱儿媳妇，可是对于傅敏提及的很少，只有两三处，而且其中一处是这么说的，“今年敏和她相继回校以后，三五天茫茫然若有所失，心头一片寂寞，比前几年更难受。大概心情更进入老境了，小蓉这孩子天真朴实，整日嘻嘻哈哈，二十四岁只像十五十六岁，可爱之极。只是如此无邪的性格，在任何时代都不合时宜，看了叫人sad［悲哀］！”感觉存在负能量。不过傅敏出版这本书，应该是本人都觉得没有或者没关系吧。另外人生不是一种尝试，一种可能么？画了很多很多条条框框给傅聪，施加待在框里的压力，好像一直在牵着傅聪的手在走人生路。字里行间也确实充满了厚重、真挚的爱。离开最爱的儿子这么多年，心里应该很苦的。
"
Kindle 客户,4,这不是关于父母与孩子沟通的书,"
  买之前，怀揣着学习大师如何跟孩子沟通，我想这大概是一本有关父母与孩子如何沟通的书读完才发现，教育方面，收获甚少尤其是想到傅聪傅敏的不同待遇...看到最后一篇及遗书部分，哎...
"
Amazon Customer,3,评,"
  纸很差，似盗版。傅先生写的很细。
"
Amazon Customer,4,渗透到生活琐碎的爱与细腻,"
  这本家书早已如雷贯耳，真正读起来有点失望，因为太过生活和细碎。这也是评价少一颗星的理由。但是细想既然是家书，谁写都一样，身为父母，都很爱儿女；身为人，大体的日子也都一样。 在精神层面的巨大差异，造就不一样世界观，价值观，继而人和人的差异就显现出来了。在那个时代的那种严苛而积极的教育方式，成就了儿女，也成就了父母。愿天堂没有孤寂！
"
Kindle 客户,5,傅雷家书-读后感,"
  看完傅雷家书，甚是敬佩傅雷夫妇，爱子之心的浓烈之处是现在很多的父母做不到的，家书的后面，在傅雷的信中反复出现几次“我很孤独”，让人觉得心生怜悯，爱艺术的人最忌讳孤独也最容易孤独，始终不变的是对付聪家书的期待，傅雷夫妇与儿子的沟通只有依靠家书，真正的陪伴寥寥无几，如果是我，将遗憾终生，人生平凡就好！（团子）傅雷对儿子的谆谆教诲是彻底的无私的，很多说的很露骨的话，完全是自我生活的总结和提炼，以现在的思想看，傅雷的诸多语言未免有些唠叨，但是一想到如今一个短信及时到达、打一通电话几乎〇成本的今天，一个甚至几个月一次的书信还嫌啰嗦的不够呢。（波仔）
"
亚马逊客户,5,能看来浑然天成，不着痕迹，才是真正的艺术,"
  这是一本很早就想拜读的书本，因为它总是出现在畅销书单上。最近使用了亚马逊的电子书包月服务，再一次看到了网站的推荐，所以断断续续地读完了。  由于是家书，没有抓人的情节，所以读起来有点慢。另外，书中有大量对人文、艺术、哲学的讨论，对我目前的水平来说，除了发自内心地赞叹，还有艰涩。作为一位母亲，我可能会更多地从家长的角度去品味此书，希望自己可以不断地提高修养，成熟思想，明确目标，建立榜样，从而可以引领和陪伴孩子慢慢成长。  在读书的过程中，不得不一次次地钦佩老父亲治学的严谨，品格的高尚，教育的严格，做人的坦荡，以及老母亲的勤俭持家，温柔善良，不离不弃和傅聪对艺术的孜孜追求。父母与孩子无所不谈，从技术到生活，不厌其烦地分享和建议，值得好好琢磨和学习。  在艺术的追求上，傅老先生说：“文章千古事，得失寸心知。”人只有在不断地观照和反思自己，才能在人生的道路上持续进步。在终生伴侣的选择时，他认为“本质的善良，天性的温厚，开阔的胸襟”才是重要的根本。作为一个人，他坚持“真理至上，道德至上，正义至上”应当是立身的原则。关于艺术，他引用罗马文豪西塞罗的名言“能看来浑然天成，不着痕迹，才是真正的艺术”（It is an art to look like without art）。关于修身养性，他一直建议孩子“多和大自然与造型艺术接触，无形中能使人恬静旷达，维持精神和心理的健康”。“在众生万物前面不自居为‘万物之灵’，方能祛除我们的狂妄，打破纸醉金迷的俗梦，养成淡泊洒脱的胸怀，同时扩大我们的同情心。”“欣赏前人的遗迹，看到人类伟大的创造，才能不使自己被眼前的局势弄得悲观，从而鞭策自己，竭尽所能的在尘世留下些成绩。”  除了这些人生感悟，我在整个读书过程最多体会到的，是老一辈知识分子深厚的文学功底和高超的艺术造诣。掩上书卷，意犹未尽，希望此生有缘再次拜读，相信又是另一种领悟。感恩！
"
叶底游鱼,3,质量,"
  像盗版书，纸太薄、太透
"
Amazon Customer,5,愿生命的最后 都能笑着走吧,"
  好从一开始不太赞同其父的教育理念 到越看到后面越发感动 父母是世上最爱孩子的人 绝无仅有 没有私心  现在的人们越活越小我 培养孩子的初心 往往不会是为了祖国的荣誉 大多侧重在社会竞争中优胜 刻苦的人有大把 可没见过像家书中父子为音乐为艺术付出的狠劲 所以你不会是他 一个人的修养品性 体现在方方面面 在那样一个全民愚妄 讲不通道理的时代 临时都还不忘修养 这样唉孩子爱事业的他 他还有那么多牵挂 自杀 社会有多无望 看到最后 那句 我是不相信的 眼泪瞬间上涌 现代社会 逼死人的可能不是政治立场 但却什么都有可能逼死你我 愿生命的最后 都能笑着走吧
"
诺莎闪闪,4,傅雷家书,"
  傅雷夫妇作为传统中国父母，对于子女的教育和培养，无论在情感方面还是在追求事业，无论是如何过好这一生，还是如何选择自己怎么生活甚至死去，都给予我们很大的启发和帮助。书中有几次作为父亲、母亲、子女在不同时段的交流中，有好几次我因为这世界上父母的苦心和付出而感动的落泪，这个世界上最好的父母指南！如果你有孩子，或者你现在还是个孩子，想要了解如何处理亲子关系，如何建立婚姻家庭关系，让我们更有智慧的过一生，这本书会给你很大的启发。
"
Always,2,很不好看,"
  不好看又无聊且恶心。勉强给两星。老师要求读的,其实老师推荐的书都没一本好看,但像这本这么无聊的,还是第一次见到。⟪亲爱的安德烈⟫还要好些。
"
Amazon Customer,5,中国家庭父母与子女沟通交流的典范,"
  看了傅雷夫妇与傅聪的书信往来，父母教育子女上至思想艺术人生方向引导、中至待人接物做人礼节提点、下至生活琐事饮食休息的惦念，令人感动不已；60多年前，两代人持续十几年相隔数千里通过书信交流思想沟通感情，堪称典范，感人至深，值得学习。
"
EuphZ,1,控制欲家长的洗白书,"
  这本书的开篇傅雷就自我忏悔说自己家暴、重男轻女。傅雷是一个杰出的翻译家，但他绝不能算是一个好父亲。在老婆怀孕的时候出轨，也算不上是个好丈夫。这本书在我看来就是控制欲家长的自我感动，完全没有尊重孩子的意愿，不明白为什么这么火。
"
cowbird,5,感人至深,"
  难以想象那个文革时代 尤其看到最后的傅雷夫妇遗书 感人至深 。庆幸在新时代里，希望永远不要再发生这样的时代悲剧 家庭悲剧
"
Kindle 客户,5,傅雷家书,"
  平和真挚的语言，发自内心的关爱以及孜孜不倦对青年一代的教育无时无刻影响着受此启发的人
"
小巴鱼,5,内容很经典，并未发现其他评论所提的黑方块问题~ 有些是古文字吧,"
  内容很经典，并未发现其他评论所提的黑方块问题~ 有些是古文字吧，只能截成小图片插入文档，但是也能看清。
"
仗剑走天涯,5,值得细细品读,"
  家庭父母儿孙亲情，家庭教育，对孩子的引导，最后一个时代大背景下，读的流泪。
"
绎葭,5,好,"
  值得收的一本书里慢慢读
"
Kindle 客户,4,多余不清晰字体,"
  印刷质量不太好，有的页面上有多余的不清晰的印刷字体，不知道是不是正版的，表示怀疑！
"
Amazon Customer,5,推荐,"
  对生活，做人，工作，艺术等都很有启发，值得推荐！
"
亚马逊买家,5,相见恨晚,"
  这本书真应该早点看的，断断续续读完收获良多
"
郭锐斌,5,读书的对象,"
  感觉这本书应该給父母们读，教他们怎样教育孩子们。
"
Kindle 客户,5,人生之书,"
  为人处世的道理。无论工作，家庭。
"
Kindle 客户,5,非浅,"
  看过不止一次，受益匪浅！
"
张帆,5,深沉，严肃，无微不至,"
  家庭教育本应如此，值得一读！
"
亚马逊买家,1,盗版么？,"
  页码混乱，176页接着183页，184页接着167页……
"
亚马逊买家,5,好,"
  喜欢在亚马逊买书，尤其是电子书。
"
